<?xml version="1.0" encoding="utf-8"?>
<DriverEvents xmlns="http://schemas.microsoft.com/windows/2011/08/printing/driverevents" schemaVersion="4.0">
    <DriverEvent xmlns="" eventId="{B3E280B0-7DCD-4CD0-AFF7-BA2AF06D1235}">
        <Transport>USB</Transport>
        <Query>\Printer.Extension</Query>
        <Trigger result="\Printer.Extension:ManualDuplexEvent" comparison="EqualTo" value="">
            <!-- Represents the resource ID IDS_ASYNCUI_TEXT_DUPLEX_NEEDS_OTHER_SIDE -->
            <StandardMessage resourceId="1100" />
        </Trigger>
    </DriverEvent>
</DriverEvents>